PPT_ratio,acc_train,accuracy,f1,precision,recall,balanced_accuracy,SEP_accuracy,PPT_accuracy,NPPT_accuracy,time
1,0.9745,0.8766666666666667,0.9056122448979591,0.9244791666666666,0.8875,0.87125,0.855,0.84,0.935,203525.46689987183
