size,PPT_ratio,acc_train,accuracy,f1,precision,recall,balanced_accuracy,SEP_accuracy,PPT_accuracy,NPPT_accuracy,time
2000,1,0.923,0.6966666666666667,0.7479224376731302,0.8385093167701864,0.675,0.7075,0.74,0.665,0.685,449807.6646974087
